User,Tweet
User,Tweet
Simon Casson,"@Sun_Politics @David_Cameron @Ed_Miliband never mind scores - wider population think both are ""losers"" &amp; they may be in for a shock..."
Sohrab Ahmari,Delicious. http://t.co/CqnWKLiBV8
Terry Embry,@Senate_GOPs @SenateDems @HouseGOP @HouseDemocrats Need to get political correctness &amp; politics out of public schools.
User,Tweet
Jeff LeJava,Environment Is Grabbing Big Role in Ads for Campaigns http://t.co/RmjYyXZWUN
Loohoo,"RT @MacleansMag: Justin Trudeau's new memoir may be mostly anecdotes from his youth, but @Geddes28 spotted some policy notes: http://t.co/h…"
The XRLENT Daily,BBC -  VIDEO: Farage: 'Lord Hill should be Lord who' http://t.co/miKGO1vNQR
Kevin Lally,RT @Independent_ie: Politics: Seanad Éireann passes motion calling on Government to recognise the State of Palestine.
JordiMondragon#SíSí,"Jill Evans: ‘In Wales, there is enormous support for the Catalans and for their campaign for self-determination’. http://t.co/7rj7kYrrqx"
ComradeMandrake,RT @GlennFowlerAEU: The dirty truth emerges over Pyne's Curriculum Review panel. http://t.co/flt9k8QoyU
mike barnes,RT @Sun_Politics: Blow for George Osborne as Britain plunges further into the red: http://t.co/STX6abQsXP
sonia erasmus,"RT @Coondawg68: Martha Coakley thinks non-citizens, illegal immigrants should have right to vote in MA http://t.co/Old5hmM3He #outoftouch #…"
kelly666cox,Here’s Something Your State Can Do to Fight Corporate Money in Politics http://t.co/njLYArVPay
Jon إبراهيم‎  ,RT @Picketer: (Governance &amp; corruption?) We have about 10000 restaurants. Tourism Oz is running ads for one owned by the Minister. http://t…
Bernice,http://t.co/3x1mtNBCtH VIDEO: Farage: 'Lord Hill should be Lord who' http://t.co/rX1OS9I1YD http://t.co/3x1mtNBCtH
Melba Pearson,"RT @CBSMiami: New poll shows race Gubernatorial race between @CharlieCrist and @FLGovScott remains a dead heat.
http://t.co/fKq6g4eJlk
#Flo…"
Ray Simar,Senate Democratic Officials Start Lashing Out At White House - http://t.co/UbEc2ZYbmo - http://t.co/ytArkogETn
•••,VIDEO: Farage: 'Lord Hill should be Lord who' http://t.co/DZvdYhQS7u
Japan Forum,Japan casino bill delayed again; resort opening could miss Olympics: sources - Reuters http://t.co/bI60gHuXGk
Subith Premdas,RT @MalikAshok: Uddhav is a very immature politician. There is a time in politics for high drama and a time for sobriety. He doesn't know t…
Paul Muldoon,"@ChukaUmunna finds #UKIP ""absolutely vile""?  Frankly, I find partisan politics absolutely vile"
mark,"""@AineNicOisin: Irish Water: Households face €600 bills when allowances expire in 2 years, regulator confirms http://t.co/1lHYEX5knL"" #Nov1"
Paedo Britain,VIDEO: Farage: 'Lord Hill should be Lord who': UKIP leader Nigel Farage condemns appointment of UK's… http://t.co/Gh2X7SHVbR #paedobritain
Big Brown Recliner,"Obama's ISIS, Ebola ""mission creep"" - http://t.co/rJmcxZteEf"
dina666rivers,Here’s Something Your State Can Do to Fight Corporate Money in Politics http://t.co/6sY5oBEiO4
Luther R. Norman,The 'poor' will dominate Hong Kong politics if we allow democracy http://t.co/DH3j7pKoSv via @MailOnline
#YMSummit2014 ,"#YMSummit2014 Participate in politics, in the community and in business right NOW"
Bernice,http://t.co/3x1mtNBCtH VIDEO: Farage: 'Lord Hill should be Lord who' http://t.co/tF0N0hoJKH http://t.co/3x1mtNBCtH
World News,"New: Ben Bradlee an icon, journalists say http://t.co/lbOz97wqez #follow"
오세훈,VIDEO: Farage: 'Lord Hill should be Lord who' http://t.co/BoAnbxe0M6
☞ Zaid Aziz ☜ ✍  →,RT @BBhuttoZardari: @ZarrarKhuhro my first lesson in PK politics; the truth offends people. Lies are the truth and truth are lies.
Anonymous Academics,RT @EcoHeritPart: 'Real 20%': Abbott government reveals position on renewable energy target http://t.co/71GfaJ2h9H
khalid rafiq,VIDEO: Farage: 'Lord Hill should be Lord who' http://t.co/gdQra9VSlu #BBC
Marie Dugo,"Online voter registration through city Board of Elections proposed under expected bill from @BenKallos
http://t.co/xnBtescDmz #NYC"
ㅡ최진리ㅡ,VIDEO: Farage: 'Lord Hill should be Lord who' http://t.co/o8M5UXAoFg
nancy ,http://t.co/Q1bjNrwsts VIDEO: Farage: 'Lord Hill should be Lord who' http://t.co/wLtgPUCGm7 http://t.co/Q1bjNrwsts
World News,New: Independent candidate denies 'bromance' with GOP foe http://t.co/qAFMctZtPV #follow
Thunder Rising,$10G to watch grass grow: Coburn report details worst examples of gov't waste http://t.co/czGUFjTyvL
helen johnson,&gt;&gt;&gt;&gt;&gt; http://t.co/qEoTrmG5Jl VIDEO: Farage: 'Lord Hill should be Lord who' http://t.co/6Mi95ozXKp &gt;&gt;&gt;&gt;&gt; http://t.co/qEoTrmG5Jl
Kathleen Bury,"RT @BBCNews: Problem of foreign prisoners has ""beset"" successive governments, Home Secretary Theresa May tells Commons http://t.co/yfhUB4yb…"
John Burger,Houston Pastors Dig In http://t.co/gDAqNpFCLB
Marie Taylor,VIDEO: Farage: 'Lord Hill should be Lord who' http://t.co/OuV5Wt3eYD
NYConstruction.org,Michael Grimm's trial put off until 2015 - A New York congressman's tax evasion trial has been put off until next ... http://t.co/hdYLct3CuJ
Fertigos LA,VIDEO: Farage: 'Lord Hill should be Lord who' http://t.co/iWpCqwvLgd
News World Today,VIDEO: Farage: 'Lord Hill should be Lord who' http://t.co/aQ3vv6yXAH #botSOLID
ChristineIAm,"RT @EricBoehlert: Christie: next POTUS has to be a gov, cus Obama the legislature was so bad at it. (yeah that TX gov was magical); http://…"
Catherine emily ,http://t.co/D2tj3VdDAt VIDEO: Farage: 'Lord Hill should be Lord who' http://t.co/pphmfq5WTn http://t.co/D2tj3VdDAt
yolanda emily,http://t.co/tBruu0CYgh VIDEO: Farage: 'Lord Hill should be Lord who' http://t.co/34RYlN8tEj http://t.co/tBruu0CYgh
emily mell smith,http://t.co/6yPgHV16cI VIDEO: Farage: 'Lord Hill should be Lord who' http://t.co/DKS12E4eR4 http://t.co/6yPgHV16cI
Lisa,&gt;&gt;&gt;&gt;&gt; http://t.co/Y0K9PEZOfW VIDEO: Farage: 'Lord Hill should be Lord who' http://t.co/p1qXx0yLeX &gt;&gt;&gt;&gt;&gt; http://t.co/Y0K9PEZOfW
Paul L. Williams,"@profseitz Obama makes push for Nunn on Atlanta radio. Will his endorsement help or hurt?
http://t.co/N4PGcpnKb5 #pols1101"
Olga,#usa &gt;&gt; http://t.co/ChSB7VtvFK VIDEO: Farage: 'Lord Hill should be Lord who' http://t.co/iToMm4J4yo #usa &gt;&gt; http://t.co/ChSB7VtvFK
denisse mell smith,&gt;&gt;&gt;&gt;&gt; http://t.co/4kriuxWWsb VIDEO: Farage: 'Lord Hill should be Lord who' http://t.co/kxBDJEgoGB &gt;&gt;&gt;&gt;&gt; http://t.co/4kriuxWWsb
-,VIDEO: Farage: 'Lord Hill should be Lord who' http://t.co/pJy6NSjKG2
ALIjorhel,VIDEO: Farage: 'Lord Hill should be Lord who' http://t.co/ZqKEcU4YTW
nancy ,http://t.co/Q1bjNrwsts VIDEO: Farage: 'Lord Hill should be Lord who' http://t.co/gQyfaxc4dI http://t.co/Q1bjNrwsts
Leighton Early,RT @realperidot54: Second child abuse inquiry chair under pressure to quit due to establishment links http://t.co/DFWivy6P0n #CSAinquiry #f…
Alan,VIDEO: Farage: 'Lord Hill should be Lord who' http://t.co/6WfmxkkMA9
Traveller,"RT @sunlorrie: Asked if that's ""coded language for extramarital affairs,"" Trudeau said ""No.""' Trudeau: Marriage has 'ups and downs' http://…"
Bobby,VIDEO: Farage: 'Lord Hill should be Lord who' http://t.co/VDIE313A67
IG: χßℓiss¢øгtAℓ,VIDEO: Farage: 'Lord Hill should be Lord who' http://t.co/lmbGYmLAzf
PoliticalCollectiive,#tcot Kuwait sentences 13 over controversial speech - KUWAIT CITY (AP) — A Kuwaiti defense lawyer says a court in ... http://t.co/uYLmuHG89J
helen johnson,&gt;&gt;&gt;&gt;&gt; http://t.co/qEoTrmG5Jl VIDEO: Farage: 'Lord Hill should be Lord who' http://t.co/iRmAGbfEOb &gt;&gt;&gt;&gt;&gt; http://t.co/qEoTrmG5Jl
Vanesa Reed,Here’s Something Your State Can Do to Fight Corporate Money in Politics http://t.co/XZemrRZA2f
Worldwide News ,VIDEO: Farage: 'Lord Hill should be Lord who' http://t.co/Wu5Q9Bd2lN
Nadine,http://t.co/lTTGvpbZ1E VIDEO: Farage: 'Lord Hill should be Lord who' http://t.co/XjOBqi5fuk http://t.co/lTTGvpbZ1E
Isa Lisa,Cameron and Miliband at PMQs: Politics Live blog http://t.co/dTQvBzNd4L
ota,VIDEO: Farage: 'Lord Hill should be Lord who' http://t.co/29hqYH5cB0
Catherine emily ,http://t.co/D2tj3VdDAt VIDEO: Farage: 'Lord Hill should be Lord who' http://t.co/MHig5RP7pZ http://t.co/D2tj3VdDAt
emily mell smith,http://t.co/6yPgHV16cI VIDEO: Farage: 'Lord Hill should be Lord who' http://t.co/wPcJPlncJH http://t.co/6yPgHV16cI
Lisa,&gt;&gt;&gt;&gt;&gt; http://t.co/Y0K9PEZOfW VIDEO: Farage: 'Lord Hill should be Lord who' http://t.co/p90RmT4iMT &gt;&gt;&gt;&gt;&gt; http://t.co/Y0K9PEZOfW
dr parag,PM Modi's visit to Kashmir: A view from Srinagar http://t.co/hFSRZFg2PS http://t.co/z6COpbBMCR
mike barnes,RT @TeresaC123: @Sun_Politics @David_Cameron @Ed_Miliband U must have been watching a different #pmqs
News World,VIDEO: Farage: 'Lord Hill should be Lord who' http://t.co/3wh5r4eFp6 #news
Election 2015,HuffPost: This Poll Shows How Hilariously Confused Brits Are About EU Migration http://t.co/RQywVQBDOk
Яoemenië,RT @RomanianNews: #romania 'Romanian Nuremberg': Exacting payback for Communist crimes - Macleans.ca http://t.co/aJHxQ8UwZF
onta,VIDEO: Farage: 'Lord Hill should be Lord who' http://t.co/nKvpqmDNcI
Oscar R. Lanza,Tell me how migrant children are a bigger burden on our economy when Nazis are allowed to collect Social Security? http://t.co/uznhtCPB0x
HC Squad's♕♨,VIDEO: Farage: 'Lord Hill should be Lord who' http://t.co/FNeHpPhiae
Vickie Johnson,http://t.co/2h4LgBioU5 VIDEO: Farage: 'Lord Hill should be Lord who' http://t.co/25uOzoxbKN http://t.co/2h4LgBioU5
Nadine,http://t.co/lTTGvpbZ1E VIDEO: Farage: 'Lord Hill should be Lord who' http://t.co/PSPhxOsPQw http://t.co/lTTGvpbZ1E
emily samantha,http://t.co/8uwxVn7L2b VIDEO: Farage: 'Lord Hill should be Lord who' http://t.co/WwbvlLhcEW http://t.co/8uwxVn7L2b
Olga,#usa &gt;&gt; http://t.co/ChSB7VtvFK VIDEO: Farage: 'Lord Hill should be Lord who' http://t.co/wKOWpWd30v #usa &gt;&gt; http://t.co/ChSB7VtvFK
Andrijana,A lil' politics never hurt somebody (at least not directly) #politics #caricature #putin #merkel… http://t.co/Bsz2mSOuNW
serambi aceh,Ex-counterterror chief: U.S. lost track of terrorists after Snowden http://t.co/ixYe3SFBU6
Ridho. . .,#TeamFollowBack VIDEO: Farage: 'Lord Hill should be Lord who' http://t.co/V0WrSMRGaY #AutoFollowback
Sabina Gold,Here’s Something Your State Can Do to Fight Corporate Money in Politics http://t.co/6t3IKSwZy5
serambi aceh,Report finds drug war fail: $7 billion spent http://t.co/IMrQbVEMyF
Textos Casuales ツ,"#DarianAlcantara Durbin, Oberweis to meet in only formal debate: Sen. Dick Durbin and his Republican challenge... http://t.co/61ZsNobBFs"
Tom Newton Dunn,RT @Sun_Politics: This week's #pmqs verdict hands @David_Cameron a comfortable 5-1 win over @Ed_Miliband http://t.co/LUWRnxHeUf http://t.co…
VIJAY RAGHAV SINGH,RT @indiatvnews: BJP's Haryana CM-designate Manohar Lal Khattar was 'agriculturist' by profession http://t.co/6NVRrkQD1u #IndiaTV http://t.…
emily amy,http://t.co/oDOojtlFne VIDEO: Farage: 'Lord Hill should be Lord who' http://t.co/hS833GzxhI http://t.co/oDOojtlFne
tha little Andre,VIDEO: Farage: 'Lord Hill should be Lord who' http://t.co/bl9nofzUPe
-,VIDEO: Farage: 'Lord Hill should be Lord who' http://t.co/avtR4clK0j
Vickie Johnson,http://t.co/2h4LgBioU5 VIDEO: Farage: 'Lord Hill should be Lord who' http://t.co/Uo4nX9NYOv http://t.co/2h4LgBioU5
Pipsheet,Fears for tough penalties grow as India cleans up business http://t.co/lnieCtGaou
Entertainment Fame,VIDEO: Farage: 'Lord Hill should be Lord who' http://t.co/IF2qXWWH7n
Cheryl Howes,@PatOndabak @Kitty13Kaboom @rancheroo2 @billmilliken Bush style politics. Baffled the public with bullshit
AYODELE AGBAJE,RT @NigeriaNewsdesk: We won’t be comfortable with elections results if voters are disenfranchised in North-east – APC http://t.co/AdTzYGHlb…
Jerome Adams,"Durbin, Oberweis to meet in only formal debate: Sen. Dick Durbin and his Republican challenger, state Sen. Jim... http://t.co/MhcgpJRXlj"
StoneyCliffsRealtors,"RT @MotherJones: Two SWAT raids. Two officers dead. One defendant is black, one white. Guess what happened http://t.co/mkHjnL0qOx http://t.…"
Violet Benz,Here’s Something Your State Can Do to Fight Corporate Money in Politics http://t.co/lQT1LKfwVt
Maryees,Cameron and Miliband at PMQs: Politics Live blog http://t.co/aaFZabeKuG
Sakeenat Salihu,Cameron and Miliband at PMQs: Politics Live blog http://t.co/o5J5LrjAut
User,Tweet
Vladimir,"RT @markmackinnon: Soldier shot, Canadian Parliament on lockdown after gunfire erupts at war memorial:  http://t.co/5uzsbBFDLy"
User,Tweet
User,Tweet
siva kumar,"CBI files first chargesheet in Saradha case Chairman Sudipta Sen, two other Saradha officials named as accused
http://t.co/1c3DbbxJzR"
User,Tweet
Rick Blair,We need more of these.  Heck one right now would improve the news today. Ben Bradlee: Everything an Editor Should Be http://t.co/zMurXIzN5D
User,Tweet
Scott Simpson,"RT @tamaracherry: ""High drama, horrifying situation in the Centre Block, the epicenter of politics in Canada,"" @DonMartinCTV says"
User,Tweet
Olivia Stefanovich,Watch #CBCNN's live coverage of the shooting in #Ottawa here: http://t.co/ZKXJRnmHQb
User,Tweet
User,Tweet
User,Tweet
User,Tweet
User,Tweet
User,Tweet
User,Tweet
User,Tweet
User,Tweet
User,Tweet
User,Tweet
User,Tweet
User,Tweet
User,Tweet
User,Tweet
User,Tweet
User,Tweet
User,Tweet
User,Tweet
User,Tweet
User,Tweet
User,Tweet
User,Tweet
User,Tweet
User,Tweet
User,Tweet
User,Tweet
User,Tweet
User,Tweet
